"bioguide_id","recipient_ext_id","chamber","state_name","first_name","last_name","party","in_office","website","contact_form"
"bioguide_id","recipient_ext_id","chamber","state_name","first_name","last_name","party","in_office","website","contact_form"
"B001259","N00027464","house","Iowa","Bruce","Braley","D","True","brucebraley","http://braley.house.gov"
"W000814","N00033539","house","Texas","Randy","Weber","R","True","TXRandy14","http://weber.house.gov"
"C001038","N00001127","house","New York","Joseph","Crowley","D","True","repjoecrowley","http://crowley.house.gov"
"W000800","N00000515","house","Vermont","Peter","Welch","D","True","PeterWelch","http://www.welch.house.gov"
"R000591","N00030768","house","Alabama","Martha","Roby","R","True","RepMarthaRoby","http://roby.house.gov"
"F000043","N00001746","house","Pennsylvania","Chaka","Fattah","D","True","chakafattah","http://www.house.gov/fattah"
"D000533","N00003209","house","Tennessee","John","Duncan","R","True","None","http://www.house.gov/duncan"
"N000147","N00001692","house","District of Columbia","Eleanor","Norton","D","True","EleanorNorton","http://www.house.gov/norton"
"S001162","N00001579","house","Pennsylvania","Allyson","Schwartz","D","True","None","http://www.house.gov/schwartz"
