"first_name","last_name","official_full","party","thomas_id","bioguide_id","opensecrets_id","fec_id","votesmart_id","ballotpedia","lis_id","wikipedia_id","govtrack_id","maplight_id","icpsr_id","cspan_id","house_history_id","washington_post_id","gender","birthday","religion"
,,,,,,,,,,,,,,,,,,,,
"A.","Foster",,"Whig",,"F000296",,,,,,"A. Lawrence Foster","412038",,"3298",,"13345",,,,
"Aaron","Bliss",,"Republican",,"B000557",,,,,,"Aaron T. Bliss","401531",,"794",,"9496",,"M","110096896",
"Aaron","Brown",,"Democrat",,"B000899",,,,,,"Aaron V. Brown","401856",,"1094",,"9943",,"M","-1207935104",
"Aaron","Burr",,"Republican",,"B001133",,,,,,"Aaron Burr","402077",,"1302",,,,"M","1839848192",
"Aaron","Cochrane",,"Republican",,"C000568",,,,,,"Aaron Van Schaick Cochrane","402697",,"1884",,"11161",,"M","766823296",
"Aaron","Cragin",,"American",,"C000852",,,,,,"Aaron H. Cragin","402968",,"2129",,"11523",,"M","-404155904",
"Aaron","Ford",,"Democrat",,"F000258",,,,,,"Aaron L. Ford","404210",,"3266",,"13298",,"M","-2083795200",
"Aaron","Hackley",,"Republican",,"H000006",,,,,,"Aaron Hackley, Jr.","404891",,"3896",,"14297",,"M","-1595352704",
"Aaron","Harding",,"Unionist",,"H000187",,,,,,"Aaron Harding","405068",,"4055",,"14517",,"M","-907608704",
