B001259	N00027464	house	Iowa	Bruce	Braley	D	True	brucebraley	http://braley.house.gov
W000814	N00033539	house	Texas	Randy	Weber	R	True	TXRandy14	http://weber.house.gov
C001038	N00001127	house	New York	Joseph	Crowley	D	True	repjoecrowley	http://crowley.house.gov
W000800	N00000515	house	Vermont	Peter	Welch	D	True	PeterWelch	http://www.welch.house.gov
R000591	N00030768	house	Alabama	Martha	Roby	R	True	RepMarthaRoby	http://roby.house.gov
F000043	N00001746	house	Pennsylvania	Chaka	Fattah	D	True	chakafattah	http://www.house.gov/fattah
D000533	N00003209	house	Tennessee	John	Duncan	R	True	None	http://www.house.gov/duncan
N000147	N00001692	house	District of Columbia	Eleanor	Norton	D	True	EleanorNorton	http://www.house.gov/norton
S001162	N00001579	house	Pennsylvania	Allyson	Schwartz	D	True	None	http://www.house.gov/schwartz
M001179	N00031777	house	Pennsylvania	Tom	Marino	R	True	RepTomMarino	http://marino.house.gov
G000377	N00008799	house	Texas	Kay	Granger	R	True	RepKayGranger	http://kaygranger.house.gov
F000445	N00013799	house	Virginia	J.	Forbes	R	True	Randy_Forbes	http://forbes.house.gov/
H001058	N00030673	house	Michigan	Bill	Huizenga	R	True	rephuizenga	http://huizenga.house.gov
L000580	N00029400	house	New Mexico	Michelle	Lujan Grisham	D	True	replujangrisham	http://lujangrisham.house.gov
P000594	N00029391	house	Minnesota	Erik	Paulsen	R	True	RepErikPaulsen	http://paulsen.house.gov
S001180	N00030071	house	Oregon	Kurt	Schrader	D	True	repschrader	http://schrader.house.gov
S001154	N00013770	house	Pennsylvania	Bill	Shuster	R	True	RepBillShuster	http://www.house.gov/shuster
M001153	N00026050	senate	Alaska	Lisa	Murkowski	R	True	lisamurkowski	http://www.murkowski.senate.gov
P000588	N00012672	house	New Mexico	Stevan	Pearce	R	True	RepStevePearce	http://pearce.house.gov
D000598	N00009604	house	California	Susan	Davis	D	True	RepSusanDavis	http://www.house.gov/susandavis
T000467	N00029736	house	Pennsylvania	Glenn	Thompson	R	True	CongressmanGT	http://thompson.house.gov
M001177	N00006863	house	California	Tom	McClintock	R	True	RepMcClintock	http://mcclintock.house.gov
C001092	N00001285	house	New York	Chris	Collins	R	True	RepChrisCollins	http://chriscollins.house.gov
Q000023	N00030581	house	Illinois	Mike	Quigley	D	True	RepMikeQuigley	http://quigley.house.gov
E000291	N00031513	house	North Carolina	Renee	Ellmers	R	True	RepReneeEllmers	http://ellmers.house.gov
S000344	N00006897	house	California	Brad	Sherman	D	True	BradSherman	http://bradsherman.house.gov
C001100	NORECIPID	senate	New Jersey	Jeffrey	Chiesa	R	True	ChiesaNews	http://www.chiesa.senate.gov
O000168	N00029285	house	Texas	Pete	Olson	R	True	OlsonPressShop	http://olson.house.gov
D000607	N00026586	senate	Indiana	Joe	Donnelly	D	True	SenDonnelly	http://www.donnelly.senate.gov
C001083	N00030736	house	Delaware	John	Carney	D	True	johncarneyde	http://johncarney.house.gov
S001189	N00032457	house	Georgia	Austin	Scott	R	True	AustinScottGA08	http://austinscott.house.gov
D000622	N00027860	house	Illinois	Tammy	Duckworth	D	True	repduckworth	http://duckworth.house.gov
H001032	N00000860	house	New Jersey	Rush	Holt	D	True	None	http://holt.house.gov
G000556	N00028418	house	Florida	Alan	Grayson	D	True	None	http://grayson.house.gov
M000404	N00009829	house	Washington	Jim	McDermott	D	True	RepJimMcDermott	http://www.house.gov/mcdermott
M001160	N00026914	house	Wisconsin	Gwen	Moore	D	True	RepGwenMoore	http://www.house.gov/gwenmoore
P000596	N00029168	house	Puerto Rico	Pedro	Pierluisi	D	True	pedropierluisi	http://pierluisi.house.gov
Y000064	N00030670	house	Indiana	Todd	Young	R	True	RepToddYoung	http://toddyoung.house.gov
L000560	N00009759	house	Washington	Rick	Larsen	D	True	RepRickLarsen	http://www.house.gov/larsen
B001270	N00031877	house	California	Karen	Bass	D	True	RepKarenBass	http://bass.house.gov
F000460	N00031672	house	Texas	Blake	Farenthold	R	True	farenthold	http://farenthold.house.gov
C001051	N00025095	house	Texas	John	Carter	R	True	JudgeCarter	http://carter.house.gov
E000292	N00034884	house	Illinois	William	Enyart	D	True	repbillenyart	http://enyart.house.gov
K000360	N00012539	senate	Illinois	Mark	Kirk	R	True	senatorkirk	http://www.kirk.senate.gov
B001236	N00013873	senate	Arkansas	John	Boozman	R	True	JohnBoozman	http://www.boozman.senate.gov
G000567	N00031297	house	Arkansas	Tim	Griffin	R	True	RepTimGriffin	http://griffin.house.gov
S001157	N00024871	house	Georgia	David	Scott	D	True	repdavidscott	http://davidscott.house.gov
S001176	N00009660	house	Louisiana	Steve	Scalise	R	True	SteveScalise	http://scalise.house.gov
W000812	N00033106	house	Missouri	Ann	Wagner	R	True	RepAnnWagner	http://wagner.house.gov
J000288	N00027848	house	Georgia	Henry	Johnson	D	True	RepHankJohnson	http://hankjohnson.house.gov
R000587	N00030968	house	Wisconsin	Reid	Ribble	R	True	RepRibble	http://ribble.house.gov
P000099	N00006397	house	Arizona	Ed	Pastor	D	True		http://www.house.gov/pastor
F000455	N00030490	house	Ohio	Marcia	Fudge	D	True	RepMarciaFudge	http://fudge.house.gov
S001156	N00024870	house	California	Linda	Snchez	D	True	replindasanchez	http://lindasanchez.house.gov
R000583	N00029018	house	Florida	Thomas	Rooney	R	True	TomRooney	http://rooney.house.gov
V000127	N00009659	senate	Louisiana	David	Vitter	R	True	None	http://www.vitter.senate.gov
B000575	N00005195	senate	Missouri	Roy	Blunt	R	True	RoyBlunt	http://www.blunt.senate.gov
R000487	N00008264	house	California	Edward	Royce	R	True	RepEdRoyce	http://royce.house.gov/
W000413	N00003467	house	Kentucky	Ed	Whitfield	R	True	repedwhitfield	http://www.house.gov/whitfield
U000038	N00008051	senate	Colorado	Mark	Udall	D	True	MarkUdall	http://www.markudall.senate.gov
T000472	N00006701	house	California	Mark	Takano	D	True	RepMarkTakano	http://takano.house.gov
H001069	N00033782	senate	North Dakota	Heidi	Heitkamp	D	True	SenatorHeitkamp	http://www.heitkamp.senate.gov
H001064	N00031557	house	Washington	Denny	Heck	D	True	RepDennyHeck	http://dennyheck.house.gov
M001165	N00028152	house	California	Kevin	McCarthy	R	True	GOPWhip	http://kevinmccarthy.house.gov
R000122	N00000362	senate	Rhode Island	John	Reed	D	True	SenJackReed	http://www.reed.senate.gov
C001064	N00027565	house	California	John	Campbell	R	True	RepJohnCampbell	http://www.campbell.house.gov
R000361	N00001685	senate	West Virginia	John	Rockefeller	D	True	senrockefeller	http://www.rockefeller.senate.gov
T000469	N00030196	house	New York	Paul	Tonko	D	True	PaulTonko	http://tonko.house.gov
G000410	N00005870	house	Texas	Gene	Green	D	True	RepGeneGreen	http://green.house.gov
N000186	N00031006	house	Mississippi	Alan	Nunnelee	R	True	repalannunnelee	http://nunnelee.house.gov
O000170	N00033540	house	Texas	Beto	O'Rourke	D	True	betoorourketx16	http://orourke.house.gov
C001095	N00033363	house	Arkansas	Tom	Cotton	R	True	RepTomCotton	http://cotton.house.gov
M001137	N00001171	house	New York	Gregory	Meeks	D	True	GregoryMeeks	http://www.house.gov/meeks
H001046	N00029835	senate	New Mexico	Martin	Heinrich	D	True	martinheinrich	http://www.heinrich.senate.gov
G000568	N00032029	house	Virginia	H.	Griffith	R	True	RepMGriffith	http://morgangriffith.house.gov
M001182	N00031412	house	South Carolina	Mick	Mulvaney	R	True	repmickmulvaney	http://mulvaney.house.gov
C001093	N00033518	house	Georgia	Doug	Collins	R	True	RepDougCollins	http://dougcollins.house.gov
M001144	N00013846	house	Florida	Jeff	Miller	R	True	None	http://jeffmiller.house.gov/
B000911	N00002713	house	Florida	Corrine	Brown	D	True	RepCorrineBrown	http://corrinebrown.house.gov
R000307	N00005285	senate	Kansas	Pat	Roberts	R	True	senpatroberts	http://www.roberts.senate.gov
F000454	N00029139	house	Illinois	Bill	Foster	D	True	RepBillFoster	http://foster.house.gov
D000617	N00030693	house	Washington	Suzan	DelBene	D	True	RepDelBene	http://delbene.house.gov
C001090	N00034128	house	Pennsylvania	Matthew	Cartwright	D	True	RepCartwright	http://cartwright.house.gov
H001049	N00029617	senate	North Carolina	Kay	Hagan	D	True	SenatorHagan	http://www.hagan.senate.gov
M000485	N00002356	house	North Carolina	Mike	McIntyre	D	True	repmikemcintyre	http://www.house.gov/mcintyre
B000287	N00009774	house	California	Xavier	Becerra	D	True	repbecerra	http://becerra.house.gov
S000583	N00001811	house	Texas	Lamar	Smith	R	True	LamarSmithTX21	http://lamarsmith.house.gov
S001168	N00027751	house	Maryland	John	Sarbanes	D	True	RepJohnSarbanes	http://sarbanes.house.gov
B001248	N00025219	house	Texas	Michael	Burgess	R	True	michaelcburgess	http://burgess.house.gov
K000378	N00030667	house	Illinois	Adam	Kinzinger	R	True	RepKinzinger	http://kinzinger.house.gov
C001056	N00024852	senate	Texas	John	Cornyn	R	True	JohnCornyn	http://www.cornyn.senate.gov
H001047	N00029070	house	Connecticut	James	Himes	D	True	jahimes	http://himes.house.gov
W000809	N00031857	house	Arkansas	Steve	Womack	R	True	Rep_SteveWomack	http://womack.house.gov
C001084	N00032019	house	Rhode Island	David	Cicilline	D	True	repcicilline	http://cicilline.house.gov
K000380	N00033395	house	Michigan	Daniel	Kildee	D	True	RepDanKildee	http://danielkildee.house.gov
F000457	N00029016	senate	Minnesota	Alan	Franken	D	True	None	http://www.franken.senate.gov
R000586	N00031127	house	Ohio	James	Renacci	R	True	repjimrenacci	http://renacci.house.gov
L000569	N00030026	house	Missouri	Blaine	Luetkemeyer	R	True	None	http://luetkemeyer.house.gov
D000355	N00001783	house	Michigan	John	Dingell	D	True	john_dingell	http://www.house.gov/dingell
P000599	N00029662	house	Florida	Bill	Posey	R	True	congbillposey	http://posey.house.gov
C000071	N00008086	house	Michigan	Dave	Camp	R	True	RepDaveCamp	http://camp.house.gov
D000615	N00030752	house	South Carolina	Jeff	Duncan	R	True	RepJeffDuncan	http://jeffduncan.house.gov
H001060	N00031265	house	Virginia	Robert	Hurt	R	True	RepRobertHurt	http://hurt.house.gov
W000795	N00024809	house	South Carolina	Joe	Wilson	R	True	USRepJoeWilson	http://joewilson.house.gov
H001041	N00027522	senate	Nevada	Dean	Heller	R	True	SenDeanHeller	http://www.heller.senate.gov
C000714	N00004029	house	Michigan	John	Conyers	D	True	repjohnconyers	http://www.house.gov/conyers
L000566	N00012233	house	Ohio	Robert	Latta	R	True	boblatta	http://latta.house.gov
B001256	N00027493	house	Minnesota	Michele	Bachmann	R	True	MicheleBachmann	http://bachmann.house.gov
W000187	N00006690	house	California	Maxine	Waters	D	True	MaxineWaters	http://www.house.gov/waters
B000944	N00003535	senate	Ohio	Sherrod	Brown	D	True	SenSherrodBrown	http://www.brown.senate.gov
C001049	N00012460	house	Missouri	Wm.	Clay	D	True	None	http://www.house.gov/clay
M000309	N00001148	house	New York	Carolyn	McCarthy	D	True	RepMcCarthyNY	http://www.house.gov/carolynmccarthy
H001052	N00029147	house	Maryland	Andy	Harris	R	True	repandyharrismd	http://harris.house.gov
F000444	N00009573	senate	Arizona	Jeff	Flake	R	True	jeffflake	http://www.flake.senate.gov
M001184	N00034041	house	Kentucky	Thomas	Massie	R	True	RepThomasMassie	http://massie.house.gov
R000594	N00031988	house	New Jersey	Jon	Runyan	R	True	RepJonRunyan	http://runyan.house.gov
G000569	N00031401	house	New York	Michael	Grimm	R	True	repmichaelgrimm	http://grimm.house.gov
P000197	N00007360	house	California	Nancy	Pelosi	D	True	NancyPelosi	http://pelosi.house.gov
M000508	N00006882	house	California	Howard	McKeon	R	True	BuckMcKeon	http://mckeon.house.gov
R000576	N00025482	house	Maryland	C.	Ruppersberger	D	True	Call_Me_Dutch	http://www.house.gov/ruppersberger
R000588	N00030184	house	Louisiana	Cedric	Richmond	D	True	reprichmond	http://richmond.house.gov
S000018	N00006446	house	Arizona	Matt	Salmon	R	True	RepMattSalmon	http://salmon.house.gov
R000580	N00004719	house	Illinois	Peter	Roskam	R	True	PeterRoskam	http://roskam.house.gov
R000572	N00009668	house	Michigan	Mike	Rogers	R	True	RepMikeRogers	http://mikerogers.house.gov
T000468	N00030191	house	Nevada	Dina	Titus	D	True	repdinatitus	http://titus.house.gov
P000590	N00013823	senate	Arkansas	Mark	Pryor	D	True	senmarkpryor	http://www.pryor.senate.gov
W000437	N00003280	senate	Mississippi	Roger	Wicker	R	True	senatorwicker	http://www.wicker.senate.gov
E000290	N00028249	house	Maryland	Donna	Edwards	D	True	repdonnaedwards	http://www.house.gov/donnaedwards
R000595	N00030612	senate	Florida	Marco	Rubio	R	True	SenRubioPress	http://www.rubio.senate.gov
S000244	N00004291	house	Wisconsin	F.	Sensenbrenner	R	True	JimPressOffice	http://www.house.gov/sensenbrenner
F000462	N00002893	house	Florida	Lois	Frankel	D	True	RepLoisFrankel	http://frankel.house.gov
L000261	N00001691	senate	Michigan	Carl	Levin	D	True	sencarllevin	http://www.levin.senate.gov
W000808	N00030650	house	Florida	Frederica	Wilson	D	True	RepWilson	http://wilson.house.gov
C001045	N00012739	house	Florida	Ander	Crenshaw	R	True	AnderCrenshaw	http://crenshaw.house.gov
R000582	N00028463	house	Tennessee	David	Roe	R	True	DrPhilRoe	http://roe.house.gov
P000606	N00034416	house	North Carolina	Robert	Pittenger	R	True	RepPittenger	http://pittenger.house.gov
B001135	N00002221	senate	North Carolina	Richard	Burr	R	True	senatorburr	http://www.burr.senate.gov
B001285	N00034254	house	California	Julia	Brownley	D	True	JuliaBrownley26	http://juliabrownley.house.gov
G000535	N00004874	house	Illinois	Luis	Gutierrez	D	True	LuisGutierrez	http://gutierrez.house.gov
B001283	N00033532	house	Oklahoma	Jim	Bridenstine	R	True	RepJBridenstine	http://bridenstine.house.gov
B001273	N00031539	house	Tennessee	Diane	Black	R	True	RepDianeBlack	http://black.house.gov
K000363	N00004436	house	Minnesota	John	Kline	R	True	repjohnkline	http://kline.house.gov
M000087	N00000078	house	New York	Carolyn	Maloney	D	True	RepMaloney	http://maloney.house.gov
H001066	N00033638	house	Nevada	Steven	Horsford	D	True	RepHorsford	http://horsford.house.gov
D000614	N00030967	house	Wisconsin	Sean	Duffy	R	True	RepSeanDuffy	http://duffy.house.gov
H001065	N00033399	house	North Carolina	George	Holding	R	True	RepHolding	http://holding.house.gov
H000874	N00001821	house	Maryland	Steny	Hoyer	D	True	WhipHoyer	http://hoyer.house.gov
R000146	N00009922	senate	Nevada	Harry	Reid	D	True	SenatorReid	http://www.reid.senate.gov
S000510	N00007833	house	Washington	Adam	Smith	D	True	Rep_Adam_Smith	http://www.house.gov/adamsmith
M001190	N00033410	house	Oklahoma	Markwayne	Mullin	R	True	RepMullin	http://mullin.house.gov
D000619	N00034784	house	Illinois	Rodney	Davis	R	True	RodneyDavis	http://rodneydavis.house.gov
T000238	N00006052	house	Texas	Mac	Thornberry	R	True	MacTXPress	http://thornberry.house.gov/
E000288	N00028257	house	Minnesota	Keith	Ellison	D	True	keithellison	http://ellison.house.gov
L000559	N00009724	house	Rhode Island	James	Langevin	D	True	jimlangevin	http://www.house.gov/langevin
M001156	N00026627	house	North Carolina	Patrick	McHenry	R	True	PatrickMcHenry	http://mchenry.house.gov/
B000711	N00006692	senate	California	Barbara	Boxer	D	True	senatorboxer	http://www.boxer.senate.gov
H001055	N00031244	house	Nevada	Joseph	Heck	R	True	RepJoeHeck	http://heck.house.gov
C001069	N00024842	house	Connecticut	Joe	Courtney	D	True	repjoecourtney	http://courtney.house.gov
H000636	N00006008	house	Texas	Rubn	Hinojosa	D	True	USRepRHinojosa	http://www.house.gov/hinojosa
H001042	N00028139	senate	Hawaii	Mazie	Hirono	D	True	maziehirono	http://www.hirono.senate.gov
W000802	N00027533	senate	Rhode Island	Sheldon	Whitehouse	D	True	SenWhitehouse	http://www.whitehouse.senate.gov
H001056	N00031559	house	Washington	Jaime	Herrera Beutler	R	True	herrerabeutler	http://herrerabeutler.house.gov
V000108	N00003813	house	Indiana	Peter	Visclosky	D	True	repvisclosky	http://visclosky.house.gov
L000551	N00008046	house	California	Barbara	Lee	D	True	repbarbaralee	http://lee.house.gov
W000816	N00030602	house	Texas	Roger	Williams	R	True	RepRWilliams	http://williams.house.gov
R000395	N00003473	house	Kentucky	Harold	Rogers	R	True	RepHalRogers	http://halrogers.house.gov
W000797	N00026106	house	Florida	Debbie	Wasserman Schultz	D	True	RepDWStweets	http://wassermanschultz.house.gov
S001148	N00006263	house	Idaho	Michael	Simpson	R	True	CongMikeSimpson	http://www.house.gov/simpson
H000206	N00004207	senate	Iowa	Thomas	Harkin	D	True	SenatorHarkin	http://www.harkin.senate.gov
R000593	N00030645	house	Florida	Dennis	Ross	R	True	RepDennisRoss	http://dennisross.house.gov
B001252	N00026080	house	Georgia	John	Barrow	D	True	repjohnbarrow	http://barrow.house.gov
D000604	N00026171	house	Pennsylvania	Charles	Dent	R	True	None	http://dent.house.gov
S001186	N00031204	house	Florida	Steve	Southerland	R	True	Rep_Southerland	http://southerland.house.gov
K000362	N00025237	house	Iowa	Steve	King	R	True	stevekingia	http://steveking.house.gov
I000056	N00007017	house	California	Darrell	Issa	R	True	DarrellIssa	http://issa.house.gov/
P000608	N00033591	house	California	Scott	Peters	D	True	RepScottPeters	http://scottpeters.house.gov
G000386	N00001758	senate	Iowa	Charles	Grassley	R	True	ChuckGrassley	http://www.grassley.senate.gov
P000602	N00030744	house	Kansas	Mike	Pompeo	R	True	repmikepompeo	http://pompeo.house.gov
S001195	N00033549	house	Missouri	Jason	Smith	R	True		http://jasonsmith.house.gov
M001170	N00027694	senate	Missouri	Claire	McCaskill	D	True	mccaskilloffice	http://www.mccaskill.senate.gov
Y000031	N00001817	house	Florida	C.	Young	R	True	None	http://www.house.gov/young
N000002	N00000939	house	New York	Jerrold	Nadler	D	True	RepJerryNadler	http://www.house.gov/nadler
R000011	N00002198	house	West Virginia	Nick	Rahall	D	True	None	http://www.rahall.house.gov
T000465	N00029026	house	Massachusetts	Niki	Tsongas	D	True	nikiinthehouse	http://tsongas.house.gov
C001096	N00004614	house	North Dakota	Kevin	Cramer	R	True	RepKevinCramer	http://cramer.house.gov
K000375	N00031933	house	Massachusetts	William	Keating	D	True	USRepKeating	http://keating.house.gov
K000368	N00029260	house	Arizona	Ann	Kirkpatrick	D	True	RepKirkpatrick	http://kirkpatrick.house.gov
B001271	N00031934	house	Michigan	Dan	Benishek	R	True	CongressmanDan	http://benishek.house.gov
H000329	N00009157	house	Washington	Doc	Hastings	R	True	DocHastings	http://hastings.house.gov
M000725	N00007390	house	California	George	Miller	D	True	askgeorge	http://www.house.gov/georgemiller
S000320	N00009920	senate	Alabama	Richard	Shelby	R	True	SenShelbyPress	http://www.shelby.senate.gov
S001170	N00028091	house	New Hampshire	Carol	Shea-Porter	D	True	RepSheaPorter	http://shea-porter.house.gov
B000755	N00005883	house	Texas	Kevin	Brady	R	True	RepKevinBrady	http://kevinbrady.house.gov
S001183	N00006460	house	Arizona	David	Schweikert	R	True	RepDavid	http://schweikert.house.gov
L000579	N00033274	house	California	Alan	Lowenthal	D	True	RepLowenthal	http://lowenthal.house.gov
M001157	N00026460	house	Texas	Michael	McCaul	R	True	McCaulPressShop	http://mccaul.house.gov/
C000127	N00007836	senate	Washington	Maria	Cantwell	D	True	CantwellPress	http://www.cantwell.senate.gov
P000597	N00013817	house	Maine	Chellie	Pingree	D	True	chelliepingree	http://pingree.house.gov
B001284	N00033495	house	Indiana	Susan	Brooks	R	True	SusanWBrooks	http://susanwbrooks.house.gov
S001141	N00003062	senate	Alabama	Jefferson	Sessions	R	True	SenatorSessions	http://www.sessions.senate.gov
M000133	N00000270	senate	Massachusetts	Edward	Markey	D	True	markeymemo	None
C001066	N00027514	house	Florida	Kathy	Castor	D	True	None	http://castor.house.gov
E000215	N00007335	house	California	Anna	Eshoo	D	True	RepAnnaEshoo	http://eshoo.house.gov
B001243	N00003105	house	Tennessee	Marsha	Blackburn	R	True	MarshaBlackburn	http://blackburn.house.gov
M000355	N00003389	senate	Kentucky	Mitch	McConnell	R	True	McConnellPress	http://www.mcconnell.senate.gov
S001165	N00027523	house	New Jersey	Albio	Sires	D	True	Rep_Albio_Sires	http://sires.house.gov
B001279	N00033981	house	Arizona	Ron	Barber	D	True	RepRonBarber	http://barber.house.gov
G000549	N00025025	house	Pennsylvania	Jim	Gerlach	R	True	JimGerlach	http://gerlach.house.gov
M001150	N00009795	house	Michigan	Candice	Miller	R	True	CandiceMiller	http://candicemiller.house.gov
A000360	N00009888	senate	Tennessee	Lamar	Alexander	R	True	senalexander	http://www.alexander.senate.gov
G000559	N00030856	house	California	John	Garamendi	D	True	RepGaramendi	http://garamendi.house.gov
H001059	N00031104	house	Illinois	Randy	Hultgren	R	True	rephultgren	http://hultgren.house.gov
W000815	N00033310	house	Ohio	Brad	Wenstrup	R	True	RepBradWenstrup	http://wenstrup.house.gov
F000459	N00030815	house	Tennessee	Charles	Fleischmann	R	True	RepChuck	http://fleischmann.house.gov
M001139	N00006954	house	California	Gary	Miller	R	True	repgarymiller	http://garymiller.house.gov
S001145	N00004724	house	Illinois	Janice	Schakowsky	D	True	janschakowsky	http://www.house.gov/schakowsky
R000053	N00000964	house	New York	Charles	Rangel	D	True	cbrangel	http://rangel.house.gov
R000598	N00031253	house	Pennsylvania	Keith	Rothfus	R	True	KeithRothfus	http://rothfus.house.gov
D000482	N00001373	house	Pennsylvania	Michael	Doyle	D	True	USRepMikeDoyle	http://doyle.house.gov
P000598	N00029127	house	Colorado	Jared	Polis	D	True	RepPolisPress	http://polis.house.gov
F000448	N00006423	house	Arizona	Trent	Franks	R	True	RepTrentFranks	http://franks.house.gov/
G000564	N00031998	house	New York	Christopher	Gibson	R	True	RepChrisGibson	http://gibson.house.gov
W000806	N00026335	house	Florida	Daniel	Webster	R	True	RepWebster	http://webster.house.gov
C001072	N00029513	house	Indiana	Andr	Carson	D	True	RepAndreCarson	http://carson.house.gov
C001076	N00028958	house	Utah	Jason	Chaffetz	R	True	jasoninthehouse	http://chaffetz.house.gov
M001159	N00026314	house	Washington	Cathy	McMorris Rodgers	R	True	cathymcmorris	http://mcmorris.house.gov
R000585	N00030949	house	New York	Tom	Reed	R	True	RepTomReed	http://reed.house.gov
G000552	N00026148	house	Texas	Louie	Gohmert	R	True	replouiegohmert	http://gohmert.house.gov
C001046	N00013131	house	Virginia	Eric	Cantor	R	True	gopleader	http://cantor.house.gov
P000603	N00030836	senate	Kentucky	Rand	Paul	R	True	SenRandPaul	http://www.paul.senate.gov
V000132	N00034349	house	Texas	Filemon	Vela	D	True	RepFilemonVela	http://vela.house.gov
P000605	N00034120	house	Pennsylvania	Scott	Perry	R	True	RepScottPerry	http://perry.house.gov
W000672	N00002073	house	Virginia	Frank	Wolf	R	True	RepWOLFPress	http://www.house.gov/wolf
H001053	N00031005	house	Missouri	Vicky	Hartzler	R	True	RepHartzler	http://hartzler.house.gov
H001063	N00006806	house	California	Janice	Hahn	D	True	Rep_JaniceHahn	http://hahn.house.gov
G000566	N00030880	house	South Carolina	Trey	Gowdy	R	True	tgowdysc	http://gowdy.house.gov
Y000062	N00028073	house	Kentucky	John	Yarmuth	D	True	RepJohnYarmuth	http://yarmuth.house.gov
K000376	N00031647	house	Pennsylvania	Mike	Kelly	R	True	MikeKellyPA	http://kelly.house.gov
S001187	N00029574	house	Ohio	Steve	Stivers	R	True	RepSteveStivers	http://stivers.house.gov
G000572	N00033541	house	Texas	Pete	Gallego	D	True	RepPeteGallego	http://gallego.house.gov
B001250	N00025292	house	Utah	Rob	Bishop	R	True	RepRobBishop	http://robbishop.house.gov
J000292	N00032088	house	Ohio	Bill	Johnson	R	True	repbilljohnson	http://billjohnson.house.gov
C000880	N00006267	senate	Idaho	Michael	Crapo	R	True	mikecrapo	http://www.crapo.senate.gov
C001078	N00029891	house	Virginia	Gerald	Connolly	D	True	GerryConnolly	http://connolly.house.gov
E000179	N00001003	house	New York	Eliot	Engel	D	True	RepEliotEngel	http://www.house.gov/engel
R000599	N00033510	house	California	Raul	Ruiz	D	True	CongressmanRuiz	http://ruiz.house.gov
W000805	N00002097	senate	Virginia	Mark	Warner	D	True	MarkWarner	http://www.warner.senate.gov
C001068	N00003225	house	Tennessee	Steve	Cohen	D	True	repcohen	http://cohen.house.gov
A000210	N00000826	house	New Jersey	Robert	Andrews	D	True		http://www.house.gov/andrews
U000039	N00006561	senate	New Mexico	Tom	Udall	D	True	SenatorTomUdall	http://www.tomudall.senate.gov
M001169	N00027566	senate	Connecticut	Christopher	Murphy	D	True	None	http://www.murphy.senate.gov
F000461	N00031545	house	Texas	Bill	Flores	R	True	RepBillFlores	http://flores.house.gov
B001244	N00025330	house	Alabama	Jo	Bonner	R	True	repjobonner	http://bonner.house.gov
T000461	N00001489	senate	Pennsylvania	Patrick	Toomey	R	True	SenToomey	http://www.toomey.senate.gov
G000555	N00027658	senate	New York	Kirsten	Gillibrand	D	True	None	http://www.gillibrand.senate.gov
B000243	N00004643	senate	Montana	Max	Baucus	D	True	None	http://www.baucus.senate.gov
H001068	N00033030	house	California	Jared	Huffman	D	True	RepHuffman	http://huffman.house.gov
N000182	N00026043	house	Texas	Randy	Neugebauer	R	True	RandyNeugebauer	http://randy.house.gov
D000191	N00007781	house	Oregon	Peter	DeFazio	D	True	RepPeterDeFazio	http://www.defazio.house.gov
L000174	N00009918	senate	Vermont	Patrick	Leahy	D	True	SenatorLeahy	http://www.leahy.senate.gov
I000024	N00005582	senate	Oklahoma	James	Inhofe	R	True	InhofePress	http://www.inhofe.senate.gov
M000689	N00002793	house	Florida	John	Mica	R	True	None	http://www.house.gov/mica
B001280	N00033625	house	Michigan	Kerry	Bentivolio	R	True	repkerryb	http://bentivolio.house.gov
J000289	N00027894	house	Ohio	Jim	Jordan	R	True	Jim_Jordan	http://jordan.house.gov
C001088	N00031820	senate	Delaware	Chris	Coons	D	True	SenCoonsOffice	http://www.coons.senate.gov
V000081	N00001102	house	New York	Nydia	Velzquez	D	True	NydiaVelazquez	http://www.house.gov/velazquez
L000563	N00027239	house	Illinois	Daniel	Lipinski	D	True	replipinski	http://www.lipinski.house.gov
M001189	N00012546	house	Indiana	Luke	Messer	R	True	RepLukeMesser	http://messer.house.gov
F000372	N00000684	house	New Jersey	Rodney	Frelinghuysen	R	True	USRepRodney	http://frelinghuysen.house.gov
P000601	N00031958	house	Mississippi	Steven	Palazzo	R	True	congpalazzo	http://palazzo.house.gov
T000193	N00003288	house	Mississippi	Bennie	Thompson	D	True	BennieGThompson	http://benniethompson.house.gov
G000359	N00009975	senate	South Carolina	Lindsey	Graham	R	True	GrahamBlog	http://www.lgraham.senate.gov
L000111	N00004227	house	Iowa	Tom	Latham	R	True	TomLatham	http://www.house.gov/latham
H000324	N00002884	house	Florida	Alcee	Hastings	D	True	None	http://www.alceehastings.house.gov
N000185	N00032441	house	Florida	Richard	Nugent	R	True	RepRichNugent	http://nugent.house.gov
V000131	N00033839	house	Texas	Marc	Veasey	D	True	RepVeasey	http://veasey.house.gov
D000610	N00031317	house	Florida	Theodore	Deutch	D	True	repteddeutch	http://teddeutch.house.gov
B001260	N00027626	house	Florida	Vern	Buchanan	R	True	VernBuchanan	http://buchanan.house.gov
I000057	N00013345	house	New York	Steve	Israel	D	True	RepSteveIsrael	http://israel.house.gov
G000546	N00013323	house	Missouri	Sam	Graves	R	True	None	http://graves.house.gov
W000779	N00007724	senate	Oregon	Ron	Wyden	D	True	RonWyden	http://www.wyden.senate.gov
R000486	N00006671	house	California	Lucille	Roybal-Allard	D	True	RepRoybalAllard	http://www.house.gov/roybal-allard
B001286	N00033390	house	Illinois	Cheri	Bustos	D	True	RepCheri	http://bustos.house.gov
O000169	N00031011	house	New York	William	Owens	D	True	BillOwensNY	http://owens.house.gov
B001262	N00028986	house	Georgia	Paul	Broun	R	True	RepPaulBrounMD	http://broun.house.gov
S000480	N00001311	house	New York	Louise	Slaughter	D	True	louiseslaughter	http://www.louise.house.gov
N000187	N00033509	house	California	Gloria	Negrete McLeod	D	True	RepMcLeod	http://negretemcleod.house.gov
B001230	N00004367	senate	Wisconsin	Tammy	Baldwin	D	True	SenatorBaldwin	http://www.baldwin.senate.gov
R000589	N00030962	house	Virginia	E.	Rigell	R	True	repscottrigell	http://rigell.house.gov
K000384	N00033177	senate	Virginia	Timothy	Kaine	D	True	SenKaineOffice	http://www.kaine.senate.gov
B001275	N00031227	house	Indiana	Larry	Bucshon	R	True	RepLarryBucshon	http://bucshon.house.gov
B001227	N00001619	house	Pennsylvania	Robert	Brady	D	True	RepBrady	http://www.brady.house.gov
H001036	N00024922	house	Texas	Jeb	Hensarling	R	True	RepHensarling	http://hensarling.house.gov/
W000207	N00002328	house	North Carolina	Melvin	Watt	D	True	MelWattNC12	http://watt.house.gov
J000126	N00008122	house	Texas	Eddie	Johnson	D	True	RepEBJ	http://www.house.gov/ebjohnson
S000033	N00000528	senate	Vermont	Bernard	Sanders	I	True	sensanders	http://www.sanders.senate.gov
L000567	N00000898	house	New Jersey	Leonard	Lance	R	True	None	http://lance.house.gov
K000379	N00034044	house	Massachusetts	Joseph	Kennedy	D	True	RepJoeKennedy	http://kennedy.house.gov
B001251	N00027035	house	North Carolina	George	Butterfield	D	True	gkbutterfield	http://www.house.gov/butterfield
C001067	N00026961	house	New York	Yvette	Clarke	D	True	YvetteClarke	http://clarke.house.gov
L000565	N00027741	house	Iowa	David	Loebsack	D	True	daveloebsack	http://loebsack.house.gov
C000537	N00002408	house	South Carolina	James	Clyburn	D	True	clyburn	http://clyburn.house.gov
L000577	N00031696	senate	Utah	Mike	Lee	R	True	SenMikeLee	http://www.lee.senate.gov
S000364	N00004961	house	Illinois	John	Shimkus	R	True	RepShimkus	http://shimkus.house.gov
G000565	N00030771	house	Arizona	Paul	Gosar	R	True	RepGosar	http://gosar.house.gov
H001045	N00029632	house	Mississippi	Gregg	Harper	R	True	GreggHarper	http://harper.house.gov
K000382	N00030875	house	New Hampshire	Ann	Kuster	D	True	RepAnnieKuster	http://kuster.house.gov
H001034	N00012611	house	California	Michael	Honda	D	True	RepMikeHonda	http://www.house.gov/honda
G000558	N00029675	house	Kentucky	Brett	Guthrie	R	True	None	http://guthrie.house.gov
S000770	N00004118	senate	Michigan	Debbie	Stabenow	D	True	StabenowPress	http://www.stabenow.senate.gov
A000367	N00031938	house	Michigan	Justin	Amash	R	True	repjustinamash	http://amash.house.gov
N000181	N00007248	house	California	Devin	Nunes	R	True	Rep_DevinNunes	http://nunes.house.gov
S000148	N00001093	senate	New York	Charles	Schumer	D	True	chuckschumer	http://www.schumer.senate.gov
G000550	N00024760	house	Georgia	Phil	Gingrey	R	True	RepPhilGingrey	http://gingrey.house.gov/
P000592	N00026457	house	Texas	Ted	Poe	R	True	JudgeTedPoe	http://poe.house.gov/
G000551	N00025284	house	Arizona	Ral	Grijalva	D	True	repraulgrijalva	http://grijalva.house.gov
G000560	N00030788	house	Georgia	Tom	Graves	R	True	reptomgraves	http://tomgraves.house.gov
S001193	N00033508	house	California	Eric	Swalwell	D	True	repswalwell	http://swalwell.house.gov
C000567	N00003328	senate	Mississippi	Thad	Cochran	R	True	SenThadCochran	http://www.cochran.senate.gov
L000562	N00013855	house	Massachusetts	Stephen	Lynch	D	True	RepStephenLynch	http://lynch.house.gov
H001038	N00027060	house	New York	Brian	Higgins	D	True	RepBrianHiggins	http://www.house.gov/higgins
N000127	N00021207	house	Minnesota	Richard	Nolan	D	True	usrepricknolan	http://nolan.house.gov
K000188	N00004403	house	Wisconsin	Ron	Kind	D	True	repronkind	http://kind.house.gov
W000791	N00007690	house	Oregon	Greg	Walden	R	True	repgregwalden	http://walden.house.gov
L000397	N00007479	house	California	Zoe	Lofgren	D	True	RepZoeLofgren	http://www.house.gov/lofgren
L000571	N00029788	house	Wyoming	Cynthia	Lummis	R	True	CynthiaLummis	http://lummis.house.gov
S000051	N00033549	house	South Carolina	Marshall	Sanford	R	True		None
C001047	N00009771	house	West Virginia	Shelley	Capito	R	True	RepShelley	http://capito.house.gov
H001050	N00025881	house	Hawaii	Colleen	Hanabusa	D	True	RepHanabusa	http://hanabusa.house.gov
W000810	N00032416	house	Georgia	Rob	Woodall	R	True	None	http://woodall.house.gov
D000621	N00034746	house	Florida	Ron	DeSantis	R	True	RepDeSantis	http://desantis.house.gov
M001185	N00034277	house	New York	Sean	Maloney	D	True	RepSeanMaloney	http://seanmaloney.house.gov
V000128	N00013820	house	Maryland	Chris	Van Hollen	D	True	chrisvanhollen	http://vanhollen.house.gov
B001261	N00006236	senate	Wyoming	John	Barrasso	R	True	SenJohnBarrasso	http://www.barrasso.senate.gov
W000796	N00026163	house	Georgia	Lynn	Westmoreland	R	True	repwestmoreland	http://westmoreland.house.gov/
F000463	N00033443	senate	Nebraska	Deb	Fischer	R	True	SenatorFischer	http://www.fischer.senate.gov
L000573	N00031377	house	Idaho	Ral	Labrador	R	True	Raul_Labrador	http://labrador.house.gov
J000295	N00035007	house	Ohio	David	Joyce	R	True	RepDaveJoyce	http://joyce.house.gov
W000798	N00026368	house	Michigan	Tim	Walberg	R	True	RepWalberg	http://walberg.house.gov
N000032	N00009926	senate	Florida	Bill	Nelson	D	True	SenBillNelson	http://www.billnelson.senate.gov
S000522	N00009816	house	New Jersey	Christopher	Smith	R	True	None	http://chrissmith.house.gov
C001036	N00007232	house	California	Lois	Capps	D	True	RepLoisCapps	http://capps.house.gov
B001265	N00029901	senate	Alaska	Mark	Begich	D	True	SenatorBegich	http://www.begich.senate.gov
E000293	N00033217	house	Connecticut	Elizabeth	Esty	D	True	RepEsty	http://esty.house.gov
L000564	N00028133	house	Colorado	Doug	Lamborn	R	True	RepDLamborn	http://lamborn.house.gov
C000380	N00000133	house	US Virgin Islands	Donna	Christensen	D	True	DelegateDonna	http://donnachristensen.house.gov
B000013	N00008091	house	Alabama	Spencer	Bachus	R	True	BachusAL06	http://bachus.house.gov
G000548	N00000743	house	New Jersey	Scott	Garrett	R	True	repgarrett	http://garrett.house.gov
C000984	N00001971	house	Maryland	Elijah	Cummings	D	True	ElijahECummings	http://www.house.gov/cummings
W000799	N00027467	house	Minnesota	Timothy	Walz	D	True	RepTimWalz	http://walz.house.gov
L000550	N00005395	senate	Louisiana	Mary	Landrieu	D	True	senlandrieu	http://www.landrieu.senate.gov
L000576	N00030676	house	Missouri	Billy	Long	R	True	None	http://long.house.gov
M001188	N00034547	house	New York	Grace	Meng	D	True	RepGraceMeng	http://meng.house.gov
B001245	N00024866	house	Guam	Madeleine	Bordallo	D	True	CandiceMiller	http://www.house.gov/bordallo
D000216	N00000615	house	Connecticut	Rosa	DeLauro	D	True	rosadelauro	http://www.house.gov/delauro
J000294	N00033640	house	New York	Hakeem	Jeffries	D	True	HakeemJeffries	http://jeffries.house.gov
B001269	N00025495	house	Pennsylvania	Lou	Barletta	R	True	RepLouBarletta	http://barletta.house.gov
C001097	N00033373	house	California	Tony	Crdenas	D	True	repcardenas	http://cardenas.house.gov
Y000063	N00031502	house	Kansas	Kevin	Yoder	R	True	RepKevinYoder	http://yoder.house.gov
T000460	N00007419	house	California	Mike	Thompson	D	True	RepThompson	http://mikethompson.house.gov
R000435	N00002858	house	Florida	Ileana	Ros-Lehtinen	R	True	RosLehtinen	http://ros-lehtinen.house.gov
I000055	N00002593	senate	Georgia	John	Isakson	R	True	SenatorIsakson	http://www.isakson.senate.gov
S001188	N00030891	house	Indiana	Marlin	Stutzman	R	True	RepStutzman	http://stutzman.house.gov
M001187	N00033631	house	North Carolina	Mark	Meadows	R	True	RepMarkMeadows	http://meadows.house.gov
B001274	N00030910	house	Alabama	Mo	Brooks	R	True	RepMoBrooks	http://brooks.house.gov
C000141	N00001955	senate	Maryland	Benjamin	Cardin	D	True	SenatorCardin	http://www.cardin.senate.gov
B001282	N00031233	house	Kentucky	Garland	Barr	R	True	RepAndyBarr	http://barr.house.gov
N000184	N00032022	house	South Dakota	Kristi	Noem	R	True	repkristinoem	http://noem.house.gov
E000285	N00006249	senate	Wyoming	Michael	Enzi	R	True	SenatorEnzi	http://www.enzi.senate.gov
F000456	N00029679	house	Louisiana	John	Fleming	R	True	RepFleming	http://fleming.house.gov
M001163	N00027459	house	California	Doris	Matsui	D	True	DorisMatsui	http://matsui.house.gov
T000463	N00025175	house	Ohio	Michael	Turner	R	True	RepMikeTurner	http://turner.house.gov/
B001281	N00033904	house	Ohio	Joyce	Beatty	D	True	RepBeatty	http://beatty.house.gov
B001257	N00027462	house	Florida	Gus	Bilirakis	R	True	RepGusBilirakis	http://bilirakis.house.gov
P000591	N00026160	house	Georgia	Tom	Price	R	True	RepTomPrice	http://tomprice.house.gov
R000575	N00024759	house	Alabama	Mike	Rogers	R	True	RepMikeRogersAL	http://mike-rogers.house.gov/
J000177	N00010084	senate	South Dakota	Tim	Johnson	D	True	SenJohnsonSD	http://www.johnson.senate.gov
S001194	N00028138	senate	Hawaii	Brian	Schatz	D	True	SenBrianSchatz	http://www.schatz.senate.gov
G000553	N00026686	house	Texas	Al	Green	D	True	RepAlGreen	http://www.house.gov/algreen
K000381	N00034453	house	Washington	Derek	Kilmer	D	True	RepDerekKilmer	http://kilmer.house.gov
M000312	N00000179	house	Massachusetts	James	McGovern	D	True	RepMcGovern	http://mcgovern.house.gov
R000596	N00034017	house	Florida	Trey	Radel	R	True	treyradel	http://radel.house.gov
V000129	N00033367	house	California	David	Valadao	R	True	RepDavidValadao	http://valadao.house.gov
B000490	N00002674	house	Georgia	Sanford	Bishop	D	True	SanfordBishop	http://bishop.house.gov
P000604	N00034639	house	New Jersey	Donald	Payne	D	True	RepDonaldPayne	http://payne.house.gov
W000813	N00031226	house	Indiana	Jackie	Walorski	R	True	RepWalorski	http://walorski.house.gov
R000592	N00031741	house	Indiana	Todd	Rokita	R	True	ToddRokita	http://rokita.house.gov
S000937	N00005918	house	Texas	Steve	Stockman	R	True	SteveStockmanTX	http://stockman.house.gov
B001277	N00031685	senate	Connecticut	Richard	Blumenthal	D	True	SenBlumenthal	http://www.blumenthal.senate.gov
S001150	N00009585	house	California	Adam	Schiff	D	True	RepAdamSchiff	http://schiff.house.gov
B001267	N00030608	senate	Colorado	Michael	Bennet	D	True	SenBennetCo	http://www.bennet.senate.gov
C000174	N00012508	senate	Delaware	Thomas	Carper	D	True	SenatorCarper	http://www.carper.senate.gov
C000556	N00002247	house	North Carolina	Howard	Coble	R	True	HowardCoble	http://www.house.gov/coble
C000560	N00005601	senate	Oklahoma	Thomas	Coburn	R	True	TomCoburn	http://www.coburn.senate.gov
R000409	N00007151	house	California	Dana	Rohrabacher	R	True	None	http://www.house.gov/rohrabacher
D000618	N00033054	house	Montana	Steve	Daines	R	True	stevedaines	http://daines.house.gov
H000338	N00009869	senate	Utah	Orrin	Hatch	R	True	SenOrrinHatch	http://www.hatch.senate.gov
S001190	N00033101	house	Illinois	Bradley	Schneider	D	True	RepSchneider	http://schneider.house.gov
H001048	N00029258	house	California	Duncan	Hunter	R	True	Rep_Hunter	http://hunter.house.gov
M001171	N00027891	house	New York	Daniel	Maffei	D	True	RepDanMaffei	http://maffei.house.gov
S001184	N00031782	senate	South Carolina	Tim	Scott	R	True	SenatorTimScott	http://www.scott.senate.gov
C001094	N00034224	house	California	Paul	Cook	R	True	RepPaulCook	http://cook.house.gov
D000620	N00033897	house	Maryland	John	Delaney	D	True	RepJohnDelaney	http://delaney.house.gov
F000458	N00031141	house	Tennessee	Stephen	Fincher	R	True	RepFincherTN08	http://fincher.house.gov
B000213	N00005656	house	Texas	Joe	Barton	R	True	RepJoeBarton	http://joebarton.house.gov
F000450	N00026166	house	North Carolina	Virginia	Foxx	R	True	virginiafoxx	http://foxx.house.gov
H001067	N00033630	house	North Carolina	Richard	Hudson	R	True	RepRichHudson	http://hudson.house.gov
C000754	N00003132	house	Tennessee	Jim	Cooper	D	True	repjimcooper	http://www.cooper.house.gov
C001087	N00030770	house	Arkansas	Eric	Crawford	R	True	RepRickCrawford	http://crawford.house.gov
C001070	N00027503	senate	Pennsylvania	Robert	Casey	D	True	SenBobCasey	http://www.casey.senate.gov
U000031	N00004133	house	Michigan	Fred	Upton	R	True	RepFredUpton	http://www.house.gov/upton
M000639	N00000699	senate	New Jersey	Robert	Menndez	D	True	SenatorMenendez	http://menendez.senate.gov
C001080	N00030600	house	California	Judy	Chu	D	True	RepJudyChu	http://chu.house.gov
D000096	N00004884	house	Illinois	Danny	Davis	D	True	None	http://www.house.gov/davis
W000804	N00029459	house	Virginia	Robert	Wittman	R	True	RobWittman	http://www.wittman.house.gov
H001051	N00030197	house	New York	Richard	Hanna	R	True	RepRichardHanna	http://hanna.house.gov
K000383	N00034580	senate	Maine	Angus	King	I	True	SenAngusKing	http://www.king.senate.gov
C001037	N00000267	house	Massachusetts	Michael	Capuano	D	True	None	http://www.house.gov/capuano
M001180	N00031681	house	West Virginia	David	McKinley	R	True	RepMcKinley	http://mckinley.house.gov
G000562	N00030780	house	Colorado	Cory	Gardner	R	True	repcorygardner	http://gardner.house.gov
A000055	N00003028	house	Alabama	Robert	Aderholt	R	True	Robert_Aderholt	http://aderholt.house.gov
G000571	N00033281	house	Hawaii	Tulsi	Gabbard	D	True	tulsipress	http://gabbard.house.gov
R000584	N00029441	senate	Idaho	James	Risch	R	True	SenatorRisch	http://www.risch.senate.gov
M001158	N00026710	house	Texas	Kenny	Marchant	R	True	RepKenMarchant	http://marchant.house.gov/
K000385	N00033549	house	Illinois	Robin	Kelly	D	True	RepRobinKelly	http://robinkelly.house.gov
L000575	N00031129	house	Oklahoma	James	Lankford	R	True	replankford	http://lankford.house.gov
D000197	N00006134	house	Colorado	Diana	DeGette	D	True	RepDianaDeGette	http://www.house.gov/degette
P000373	N00001633	house	Pennsylvania	Joseph	Pitts	R	True	RepJoePitts	http://pitts.house.gov/
B000589	N00003675	house	Ohio	John	Boehner	R	True	SpeakerBoehner	http://johnboehner.house.gov
C000266	N00003689	house	Ohio	Steve	Chabot	R	True	RepSteveChabot	http://chabot.house.gov
Y000065	N00033220	house	Florida	Ted	Yoho	R	True	RepTedYoho	http://yoho.house.gov
T000464	N00027605	senate	Montana	Jon	Tester	D	True	testerpress	http://www.tester.senate.gov
S001181	N00024790	senate	New Hampshire	Jeanne	Shaheen	D	True	SenatorShaheen	http://www.shaheen.senate.gov
M000702	N00001945	senate	Maryland	Barbara	Mikulski	D	True	senatorbarb	http://www.mikulski.senate.gov
D000612	N00031593	house	California	Jeff	Denham	R	True	RepJeffDenham	http://denham.house.gov
L000263	N00003950	house	Michigan	Sander	Levin	D	True	repsandylevin	http://levin.house.gov
P000607	N00033549	house	Wisconsin	Mark	Pocan	D	True	repmarkpocan	http://pocan.house.gov
J000293	N00032546	senate	Wisconsin	Ron	Johnson	R	True	SenRonJohnson	http://www.ronjohnson.senate.gov
F000062	N00007364	senate	California	Dianne	Feinstein	D	True	senfeinstein	http://www.feinstein.senate.gov
B001255	N00026595	house	Louisiana	Charles	Boustany	R	True	RepBoustany	http://www.house.gov/boustany
J000290	N00029077	house	Kansas	Lynn	Jenkins	R	True	RepLynnJenkins	http://lynnjenkins.house.gov
T000462	N00009699	house	Ohio	Patrick	Tiberi	R	True	tiberipress	http://tiberi.house.gov
B001278	N00033474	house	Oregon	Suzanne	Bonamici	D	True	RepBonamici	http://bonamici.house.gov
D000600	N00025337	house	Florida	Mario	Diaz-Balart	R	True	MarioDB	http://mariodiazbalart.house.gov
C000059	N00007099	house	California	Ken	Calvert	R	True	KenCalvert	http://calvert.house.gov
P000595	N00029277	house	Michigan	Gary	Peters	D	True	RepGaryPeters	http://peters.house.gov
S000185	N00002147	house	Virginia	Robert	Scott	D	True	repbobbyscott	http://www.house.gov/scott
J000291	N00029444	senate	Nebraska	Mike	Johanns	R	True	Mike_Johanns	http://www.johanns.senate.gov
P000523	N00002260	house	North Carolina	David	Price	D	True	RepDavidEPrice	http://price.house.gov
S000248	N00001813	house	New York	Jos	Serrano	D	True	repjoseserrano	http://serrano.house.gov
M001111	N00007876	senate	Washington	Patty	Murray	D	True	pattymurray	http://www.murray.senate.gov
C001075	N00030245	house	Louisiana	Bill	Cassidy	R	True	None	http://cassidy.house.gov
S001179	N00029273	house	Illinois	Aaron	Schock	R	True	repaaronschock	http://schock.house.gov
L000554	N00000851	house	New Jersey	Frank	LoBiondo	R	True	RepLoBiondo	http://www.house.gov/lobiondo
M000933	N00002083	house	Virginia	James	Moran	D	True	Jim_Moran	http://moran.house.gov
L000287	N00002577	house	Georgia	John	Lewis	D	True	RepJohnLewis	http://www.house.gov/johnlewis
L000578	N00033987	house	California	Doug	LaMalfa	R	True	RepLaMalfa	http://lamalfa.house.gov
K000220	N00002656	house	Georgia	Jack	Kingston	R	True	JackKingston	http://kingston.house.gov
P000258	N00004558	house	Minnesota	Collin	Peterson	D	True	None	http://collinpeterson.house.gov
D000616	N00030957	house	Tennessee	Scott	DesJarlais	R	True	DesJarlaisTN04	http://desjarlais.house.gov
C001071	N00027441	senate	Tennessee	Bob	Corker	R	True	SenBobCorker	http://www.corker.senate.gov
M001151	N00024992	house	Pennsylvania	Tim	Murphy	R	True	RepTimMurphy	http://murphy.house.gov
M001142	N00009753	house	Utah	Jim	Matheson	D	True	RepJimMatheson	http://matheson.house.gov
H001057	N00027649	house	Kansas	Tim	Huelskamp	R	True	conghuelskamp	http://huelskamp.house.gov
R000577	N00025280	house	Ohio	Tim	Ryan	D	True	RepTimRyan	http://timryan.house.gov
M001183	N00032838	senate	West Virginia	Joe	Manchin	D	True	Sen_JoeManchin	http://www.manchin.senate.gov
T000470	N00027509	house	Colorado	Scott	Tipton	R	True	RepTipton	http://tipton.house.gov
M001176	N00029303	senate	Oregon	Jeff	Merkley	D	True	SenJeffMerkley	http://www.merkley.senate.gov
M001143	N00012942	house	Minnesota	Betty	McCollum	D	True	BettyMcCollum04	http://www.house.gov/mccollum
N000015	N00000153	house	Massachusetts	Richard	Neal	D	True	RepRichardNeal	http://neal.house.gov
L000557	N00000575	house	Connecticut	John	Larson	D	True	repjohnlarson	http://www.larson.house.gov
B000574	N00007727	house	Oregon	Earl	Blumenauer	D	True	blumenauermedia	http://blumenauer.house.gov
C001091	N00033316	house	Texas	Joaquin	Castro	D	True	JoaquinCastrotx	http://castro.house.gov
Y000033	N00007999	house	Alaska	Don	Young	R	True	repdonyoung	http://donyoung.house.gov
P000034	N00000781	house	New Jersey	Frank	Pallone	D	True	FrankPallone	http://www.house.gov/pallone
N000179	N00006789	house	California	Grace	Napolitano	D	True	gracenapolitano	http://napolitano.house.gov
C001048	N00009738	house	Texas	John	Culberson	R	True	congculberson	http://culberson.house.gov
C001098	N00033085	senate	Texas	Ted	Cruz	R	True	SenTedCruz	http://www.cruz.senate.gov
C001077	N00024753	house	Colorado	Mike	Coffman	R	True	RepMikeCoffman	http://coffman.house.gov
K000210	N00001193	house	New York	Peter	King	R	True	RepPeteKing	http://peteking.house.gov
R000570	N00004357	house	Wisconsin	Paul	Ryan	R	True	reppaulryan	http://paulryan.house.gov
P000593	N00027510	house	Colorado	Ed	Perlmutter	D	True	RepPerlmutter	http://perlmutter.house.gov
T000459	N00005321	house	Nebraska	Lee	Terry	R	True	LEETERRYNE	http://leeterry.house.gov
W000817	N00033492	senate	Massachusetts	Elizabeth	Warren	D	True	senwarren	http://www.warren.senate.gov
L000480	N00001024	house	New York	Nita	Lowey	D	True	NitaLowey	http://www.house.gov/lowey
K000367	N00027500	senate	Minnesota	Amy	Klobuchar	D	True	None	http://www.klobuchar.senate.gov
P000265	N00004426	house	Wisconsin	Thomas	Petri	R	True	None	http://petri.house.gov
C001035	N00000491	senate	Maine	Susan	Collins	R	True	senatorcollins	http://www.collins.senate.gov
C001053	N00025726	house	Oklahoma	Tom	Cole	R	True	tomcoleok04	http://cole.house.gov
M000934	N00005282	senate	Kansas	Jerry	Moran	R	True	JerryMoran	http://www.moran.senate.gov
F000010	N00007632	house	American Samoa	Eni	Faleomavaega	D	True		http://www.house.gov/faleomavaega
H000067	N00005645	house	Texas	Ralph	Hall	R	True	RalphHallPress	http://ralphhall.house.gov/
D000563	N00004981	senate	Illinois	Richard	Durbin	D	True	SenatorDurbin	http://www.durbin.senate.gov
J000174	N00008028	house	Texas	Sam	Johnson	R	True	SamsPressShop	http://samjohnson.house.gov
C001061	N00026790	house	Missouri	Emanuel	Cleaver	D	True	repcleaver	http://www.house.gov/cleaver
M001181	N00031134	house	Pennsylvania	Patrick	Meehan	R	True	repmeehan	http://meehan.house.gov
S001192	N00033932	house	Utah	Chris	Stewart	R	True	repchrisstewart	http://stewart.house.gov
S000030	N00008274	house	California	Loretta	Sanchez	D	True	lorettasanchez	http://www.lorettasanchez.house.gov
J000255	N00002299	house	North Carolina	Walter	Jones	R	True	RepWalterJones	http://jones.house.gov
S001185	N00030622	house	Alabama	Terri	Sewell	D	True	RepTerriSewell	http://sewell.house.gov
W000215	N00001861	house	California	Henry	Waxman	D	True	WaxmanClimate	http://www.henrywaxman.house.gov
J000032	N00005818	house	Texas	Sheila	Jackson Lee	D	True	JacksonLeeTX18	http://jacksonlee.house.gov
C000286	N00002685	senate	Georgia	Saxby	Chambliss	R	True	SaxbyChambliss	http://www.chambliss.senate.gov
T000250	N00004572	senate	South Dakota	John	Thune	R	True	senjohnthune	http://www.thune.senate.gov
V000130	N00007021	house	California	Juan	Vargas	D	True	RepJuanVargas	http://vargas.house.gov
M001166	N00026926	house	California	Jerry	McNerney	D	True	RepMcNerney	http://mcnerney.house.gov
D000399	N00006023	house	Texas	Lloyd	Doggett	D	True	RepLloydDoggett	http://doggett.house.gov
G000573	N00029908	house	Florida	Joe	Garcia	D	True		http://garcia.house.gov
C000542	N00003845	senate	Indiana	Daniel	Coats	R	True	sendancoats	http://www.coats.senate.gov
A000369	N00031177	house	Nevada	Mark	Amodei	R	True	markamodeinv2	http://amodei.house.gov
R000597	N00033832	house	South Carolina	Tom	Rice	R	True	RepTomRice	http://rice.house.gov
H001061	N00031688	senate	North Dakota	John	Hoeven	R	True	SenJohnHoeven	http://www.hoeven.senate.gov
F000451	N00027229	house	Pennsylvania	Michael	Fitzpatrick	R	True	RepFitzpatrick	http://fitzpatrick.house.gov
A000368	N00030980	senate	New Hampshire	Kelly	Ayotte	R	True	None	http://www.ayotte.senate.gov
P000449	N00003682	senate	Ohio	Robert	Portman	R	True	robportman	http://www.portman.senate.gov
C001063	N00024978	house	Texas	Henry	Cuellar	D	True	RepCuellar	http://cuellar.house.gov
F000449	N00026631	house	Nebraska	Jeff	Fortenberry	R	True	JeffFortenberry	http://fortenberry.house.gov
K000009	N00003522	house	Ohio	Marcy	Kaptur	D	True	RepMarcyKaptur	http://www.kaptur.house.gov
M001149	N00024770	house	Maine	Michael	Michaud	D	True	RepMikeMichaud	http://michaud.house.gov
G000289	N00009154	house	Virginia	Bob	Goodlatte	R	True	RepGoodlatte	http://goodlatte.house.gov/
B001242	N00025413	house	New York	Timothy	Bishop	D	True	timbishopny	http://timbishop.house.gov
T000266	N00000226	house	Massachusetts	John	Tierney	D	True	RepTierney	http://tierney.house.gov
A000361	N00025464	house	Louisiana	Rodney	Alexander	R	True	USRepAlexander	http://www.house.gov/alexander
C001059	N00026341	house	California	Jim	Costa	D	True	repjimcosta	http://costa.house.gov
L000570	N00029562	house	New Mexico	Ben	Lujn	D	True	repbenraylujan	http://lujan.house.gov
S000250	N00005681	house	Texas	Pete	Sessions	R	True	petesessions	http://sessions.house.gov/
G000563	N00031128	house	Ohio	Bob	Gibbs	R	True	repbobgibbs	http://gibbs.house.gov
C001062	N00026041	house	Texas	K.	Conaway	R	True	ConawayTX11	http://conaway.house.gov
M001191	N00033091	house	Florida	Patrick	Murphy	D	True	RepMurphyFL	http://patrickmurphy.house.gov
S001172	N00027623	house	Nebraska	Adrian	Smith	R	True	RepAdrianSmith	http://adriansmith.house.gov/
S001191	N00033983	house	Arizona	Kyrsten	Sinema	D	True	RepSinema	http://sinema.house.gov
S001177	N00030418	house	Northern Mariana Islands	Gregorio	Sablan	D	True	None	http://sablan.house.gov
M000303	N00006424	senate	Arizona	John	McCain	R	True	SenJohnMcCain	http://www.mccain.senate.gov
R000515	N00004887	house	Illinois	Bobby	Rush	D	True	RepBobbyRush	http://rush.house.gov
B001287	N00030717	house	California	Ami	Bera	D	True	repbera	http://bera.house.gov
P000096	N00000751	house	New Jersey	Bill	Pascrell	D	True	BillPascrell	http://pascrell.house.gov
S001175	N00029649	house	California	Jackie	Speier	D	True	repspeier	http://speier.house.gov
L000491	N00005559	house	Oklahoma	Frank	Lucas	R	True	RepFrankLucas	http://lucas.house.gov/
F000030	N00007312	house	California	Sam	Farr	D	True	RepSamFarr	http://www.house.gov/farr
